DATE,CLOSE
30/06/2009,60
01/07/2009,60.5
02/07/2009,58
03/07/2009,56
06/07/2009,58.5
07/07/2009,56.5
08/07/2009,55.5
09/07/2009,54
10/07/2009,51.5
13/07/2009,49
14/07/2009,47.8
15/07/2009,49
16/07/2009,49.8
17/07/2009,49.1
20/07/2009,46.8
21/07/2009,46.9
22/07/2009,47.5
23/07/2009,49.8
24/07/2009,52
27/07/2009,54.5
28/07/2009,53
29/07/2009,52.5
30/07/2009,51.5
31/07/2009,54
03/08/2009,56.5
04/08/2009,58.5
05/08/2009,58
06/08/2009,57
07/08/2009,56.5
10/08/2009,57.5
11/08/2009,57
12/08/2009,56.5
13/08/2009,57
14/08/2009,57
17/08/2009,56
18/08/2009,55.5
19/08/2009,55.5
20/08/2009,55.5
21/08/2009,56
24/08/2009,56.5
25/08/2009,55.5
26/08/2009,56
27/08/2009,56
28/08/2009,56.5
31/08/2009,57.5
01/09/2009,57
03/09/2009,56
04/09/2009,54.5
07/09/2009,53
08/09/2009,53.5
09/09/2009,53.5
10/09/2009,53
11/09/2009,53
14/09/2009,53
15/09/2009,52.5
16/09/2009,55
17/09/2009,56
18/09/2009,56.5
21/09/2009,55
22/09/2009,54
23/09/2009,54.5
24/09/2009,53.5
25/09/2009,55.5
28/09/2009,54.5
29/09/2009,54
30/09/2009,53.5
01/10/2009,52.5
02/10/2009,51
05/10/2009,51
06/10/2009,50.5
07/10/2009,51
08/10/2009,51
09/10/2009,51.5
12/10/2009,53
13/10/2009,52
14/10/2009,54.5
15/10/2009,57
16/10/2009,56.5
19/10/2009,55
20/10/2009,54.5
21/10/2009,54
22/10/2009,55
23/10/2009,56.5
26/10/2009,55
27/10/2009,53
28/10/2009,53
29/10/2009,51
30/10/2009,52
02/11/2009,53
03/11/2009,51.5
04/11/2009,51.5
05/11/2009,53
06/11/2009,51.5
09/11/2009,50.5
10/11/2009,49.6
11/11/2009,50
12/11/2009,50.5
13/11/2009,49.8
16/11/2009,49.6
17/11/2009,48.9
18/11/2009,48.3
19/11/2009,48.9
20/11/2009,48.2
23/11/2009,47.2
24/11/2009,46.3
25/11/2009,44
26/11/2009,41.8
27/11/2009,43.8
30/11/2009,45.9
01/12/2009,48.1
02/12/2009,47
03/12/2009,47
04/12/2009,46.2
07/12/2009,46
08/12/2009,44.7
09/12/2009,43
10/12/2009,42.7
11/12/2009,40.8
14/12/2009,42.8
15/12/2009,44.9
16/12/2009,43
17/12/2009,44
18/12/2009,46.2
21/12/2009,47.6
22/12/2009,46.6
23/12/2009,46.2
24/12/2009,46
25/12/2009,47
28/12/2009,46
29/12/2009,45.2
30/12/2009,45.6
31/12/2009,47
04/01/2010,49.3
05/01/2010,49.8
06/01/2010,48
07/01/2010,47
08/01/2010,47
11/01/2010,47
12/01/2010,45.5
13/01/2010,47
14/01/2010,46.4
15/01/2010,45.3
18/01/2010,43.5
19/01/2010,44.7
20/01/2010,43.8
21/01/2010,43
22/01/2010,42.5
25/01/2010,42.5
26/01/2010,42.8
27/01/2010,42.8
28/01/2010,42.3
29/01/2010,42
01/02/2010,41.8
02/02/2010,42.3
03/02/2010,43.5
04/02/2010,44.5
05/02/2010,43.7
08/02/2010,43.7
09/02/2010,42.6
10/02/2010,43.5
11/02/2010,44.5
12/02/2010,44.5
22/02/2010,45.2
23/02/2010,45.2
24/02/2010,46.5
25/02/2010,47
26/02/2010,49
01/03/2010,49.8
02/03/2010,47.4
03/03/2010,47.8
04/03/2010,47.1
05/03/2010,46.9
08/03/2010,46.9
09/03/2010,48
10/03/2010,47.9
11/03/2010,47.5
12/03/2010,47.5
15/03/2010,47
16/03/2010,45.8
17/03/2010,45
18/03/2010,45.1
19/03/2010,44.6
22/03/2010,44.8
23/03/2010,44.9
24/03/2010,45.2
25/03/2010,44.2
26/03/2010,45.5
29/03/2010,44.9
30/03/2010,44.2
31/03/2010,44
01/04/2010,44.2
02/04/2010,44.3
05/04/2010,44.7
06/04/2010,44.5
07/04/2010,44.3
08/04/2010,43.9
09/04/2010,44
12/04/2010,44.5
13/04/2010,43.9
14/04/2010,43.6
15/04/2010,43.6
16/04/2010,43.2
19/04/2010,42.8
20/04/2010,42.4
21/04/2010,42.5
22/04/2010,43.8
26/04/2010,43.4
27/04/2010,43.9
28/04/2010,43.5
29/04/2010,43
04/05/2010,44.2
05/05/2010,43.3
06/05/2010,42.9
07/05/2010,42.5
10/05/2010,42.5
11/05/2010,42.5
12/05/2010,41.5
13/05/2010,41.7
14/05/2010,41.7
17/05/2010,41.4
18/05/2010,41.4
19/05/2010,40.6
20/05/2010,40.8
21/05/2010,39.1
24/05/2010,40
25/05/2010,40.2
26/05/2010,40
27/05/2010,40.1
28/05/2010,41
31/05/2010,40.8
01/06/2010,41
02/06/2010,41
03/06/2010,41
04/06/2010,38.8
07/06/2010,37.9
08/06/2010,37.8
09/06/2010,37.7
10/06/2010,37.8
11/06/2010,38.2
14/06/2010,38.1
15/06/2010,38.7
16/06/2010,39.5
17/06/2010,40.4
18/06/2010,40
21/06/2010,40.1
22/06/2010,40.2
23/06/2010,40
24/06/2010,40
25/06/2010,38.5
28/06/2010,39.5
29/06/2010,41.4
30/06/2010,41.2
01/07/2010,39.5
02/07/2010,39.4
05/07/2010,39.8
06/07/2010,39.1
07/07/2010,39
08/07/2010,39
09/07/2010,38.9
12/07/2010,38.6
13/07/2010,40
14/07/2010,38.7
15/07/2010,39
16/07/2010,39.1
19/07/2010,39.4
20/07/2010,39.2
21/07/2010,38.7
22/07/2010,38.2
23/07/2010,38
26/07/2010,37.2
27/07/2010,37
28/07/2010,36.9
29/07/2010,37
30/07/2010,37.5
02/08/2010,37
03/08/2010,36.9
04/08/2010,37
05/08/2010,37.2
06/08/2010,37.2
09/08/2010,35.7
10/08/2010,34.7
11/08/2010,34.8
12/08/2010,34.7
13/08/2010,34.6
16/08/2010,35.7
17/08/2010,36.5
18/08/2010,36.1
19/08/2010,36.1
20/08/2010,37.1
23/08/2010,37
24/08/2010,36.5
25/08/2010,36
26/08/2010,36.1
27/08/2010,36.8
30/08/2010,37.8
31/08/2010,38.4
01/09/2010,38.4
06/09/2010,38
07/09/2010,37.4
08/09/2010,38
09/09/2010,37.9
10/09/2010,37
13/09/2010,37.4
14/09/2010,37.3
15/09/2010,37.2
16/09/2010,36.6
17/09/2010,37.6
20/09/2010,36.8
21/09/2010,35.6
22/09/2010,36
23/09/2010,36.9
24/09/2010,36.5
27/09/2010,36
28/09/2010,36.5
29/09/2010,36.4
30/09/2010,36.2
01/10/2010,36
04/10/2010,36
05/10/2010,36.2
06/10/2010,36.8
07/10/2010,36.5
08/10/2010,36.5
11/10/2010,36.5
12/10/2010,36
13/10/2010,36.4
14/10/2010,36.4
15/10/2010,36.4
18/10/2010,35.9
19/10/2010,35.5
20/10/2010,34.9
21/10/2010,35
22/10/2010,34.8
25/10/2010,34.1
26/10/2010,34.4
27/10/2010,34.8
28/10/2010,34.8
29/10/2010,34.8
01/11/2010,35
02/11/2010,34.2
03/11/2010,34.1
04/11/2010,34
05/11/2010,34.4
08/11/2010,33.5
09/11/2010,33
10/11/2010,33
11/11/2010,32
12/11/2010,32.4
15/11/2010,31.6
16/11/2010,31.2
17/11/2010,30.3
18/11/2010,31
19/11/2010,31
22/11/2010,31.8
23/11/2010,33
24/11/2010,33
25/11/2010,33.6
26/11/2010,32.9
29/11/2010,34
30/11/2010,33.8
01/12/2010,33
02/12/2010,32.8
03/12/2010,33.2
06/12/2010,33.4
07/12/2010,32.7
08/12/2010,31.8
09/12/2010,32.1
10/12/2010,32.7
13/12/2010,34.1
14/12/2010,29.5
15/12/2010,30.9
16/12/2010,30.9
17/12/2010,32.4
20/12/2010,32.5
21/12/2010,31.9
22/12/2010,30.5
23/12/2010,30.3
24/12/2010,29.5
27/12/2010,29.8
28/12/2010,29.7
29/12/2010,30.5
30/12/2010,31
31/12/2010,32.5
04/01/2011,31.5
05/01/2011,30.6
06/01/2011,30.8
07/01/2011,30.7
10/01/2011,31
11/01/2011,30.7
12/01/2011,30.5
13/01/2011,31
14/01/2011,31.9
17/01/2011,31.5
18/01/2011,31.5
19/01/2011,31.6
20/01/2011,31.5
21/01/2011,33
24/01/2011,34.6
25/01/2011,34.2
26/01/2011,34.3
27/01/2011,34.6
28/01/2011,36.1
08/02/2011,37.9
09/02/2011,38
10/02/2011,37.7
11/02/2011,37.2
14/02/2011,35.5
15/02/2011,35.9
16/02/2011,35.3
17/02/2011,35.2
18/02/2011,35
21/02/2011,33.3
22/02/2011,31.9
23/02/2011,32.9
24/02/2011,31.7
25/02/2011,32.2
28/02/2011,32.4
01/03/2011,32.7
02/03/2011,31.5
03/03/2011,31
04/03/2011,31.4
07/03/2011,32
08/03/2011,32
09/03/2011,31.5
10/03/2011,32
11/03/2011,31.9
14/03/2011,30.9
15/03/2011,30.1
16/03/2011,30.2
17/03/2011,30
18/03/2011,31.5
21/03/2011,32.9
22/03/2011,31.7
23/03/2011,31.6
24/03/2011,30.9
25/03/2011,31
28/03/2011,31
29/03/2011,31
30/03/2011,30.7
31/03/2011,31.2
01/04/2011,30.7
04/04/2011,30.4
05/04/2011,30.3
06/04/2011,31
07/04/2011,30.6
08/04/2011,30.5
13/04/2011,30
14/04/2011,29.9
15/04/2011,29.4
18/04/2011,28.6
19/04/2011,28.7
20/04/2011,29
21/04/2011,28.6
22/04/2011,28.2
25/04/2011,28.7
26/04/2011,28.1
27/04/2011,28.3
28/04/2011,28
29/04/2011,28.4
04/05/2011,28.4
05/05/2011,28.2
06/05/2011,28.8
09/05/2011,28.6
10/05/2011,28.2
11/05/2011,28.2
12/05/2011,28.1
13/05/2011,28.1
16/05/2011,29.5
17/05/2011,30.9
18/05/2011,31.9
19/05/2011,31.3
20/05/2011,30
23/05/2011,28.6
24/05/2011,27.2
25/05/2011,25.9
26/05/2011,27.1
27/05/2011,28.4
30/05/2011,27
31/05/2011,28
01/06/2011,29.4
02/06/2011,30.5
03/06/2011,29.1
06/06/2011,29.3
07/06/2011,30.6
08/06/2011,29.2
09/06/2011,29.3
10/06/2011,29.4
13/06/2011,29.3
14/06/2011,29.1
15/06/2011,28.3
16/06/2011,28.7
17/06/2011,27.6
20/06/2011,27.8
21/06/2011,28.9
22/06/2011,28.9
23/06/2011,28.1
24/06/2011,27.6
27/06/2011,28.1
28/06/2011,27.9
29/06/2011,28
30/06/2011,27.7
01/07/2011,27.9
04/07/2011,27.8
05/07/2011,28.4
06/07/2011,28.1
07/07/2011,28.1
08/07/2011,27.9
11/07/2011,28.1
12/07/2011,28
13/07/2011,28
14/07/2011,29.4
15/07/2011,28.6
18/07/2011,26.8
19/07/2011,26.8
20/07/2011,27.6
21/07/2011,28.5
22/07/2011,28
25/07/2011,28
26/07/2011,27.4
27/07/2011,28.2
28/07/2011,28.3
29/07/2011,28.1
01/08/2011,27.9
02/08/2011,27.8
03/08/2011,27
04/08/2011,27.4
05/08/2011,27.2
08/08/2011,26.9
09/08/2011,26.2
10/08/2011,26.4
11/08/2011,26.6
12/08/2011,26.9
15/08/2011,26.8
16/08/2011,26.8
17/08/2011,27.5
18/08/2011,27.8
19/08/2011,27.3
22/08/2011,27.3
23/08/2011,27
24/08/2011,26.8
25/08/2011,27
26/08/2011,26.9
29/08/2011,27.1
30/08/2011,27.3
31/08/2011,27.5
01/09/2011,28.8
05/09/2011,28.3
06/09/2011,28.1
07/09/2011,28.3
08/09/2011,28.1
09/09/2011,28
12/09/2011,27.3
13/09/2011,27.6
14/09/2011,27
15/09/2011,27
16/09/2011,26.4
19/09/2011,27.4
20/09/2011,26.7
21/09/2011,26.7
22/09/2011,27.1
23/09/2011,26.5
26/09/2011,26.4
27/09/2011,26.6
28/09/2011,27.9
29/09/2011,27.4
30/09/2011,27.3
03/10/2011,27
04/10/2011,26.7
05/10/2011,26.6
06/10/2011,26.7
07/10/2011,26.5
10/10/2011,26.6
11/10/2011,26.4
12/10/2011,26.2
13/10/2011,26.1
14/10/2011,26.3
17/10/2011,26.2
18/10/2011,25.9
19/10/2011,25.7
20/10/2011,25.7
21/10/2011,26.6
24/10/2011,26.5
25/10/2011,26.3
26/10/2011,26.5
27/10/2011,26.5
28/10/2011,26.5
31/10/2011,26.2
01/11/2011,26.1
02/11/2011,25.8
03/11/2011,25.5
04/11/2011,25.4
07/11/2011,24.7
08/11/2011,24.4
09/11/2011,23.8
10/11/2011,23.5
11/11/2011,23.3
14/11/2011,23
15/11/2011,23
16/11/2011,23.9
17/11/2011,24.3
18/11/2011,24.2
21/11/2011,23.6
22/11/2011,23.8
23/11/2011,23.9
24/11/2011,23.9
25/11/2011,23.6
28/11/2011,23.2
29/11/2011,22.7
30/11/2011,22.2
01/12/2011,22.2
02/12/2011,22.5
05/12/2011,22.7
06/12/2011,22.2
07/12/2011,22
08/12/2011,21.4
09/12/2011,21.1
12/12/2011,20.6
13/12/2011,20.6
14/12/2011,20.2
15/12/2011,20
16/12/2011,21
19/12/2011,22
20/12/2011,21.3
21/12/2011,21.7
22/12/2011,20.7
23/12/2011,20.4
26/12/2011,19.7
27/12/2011,19.4
28/12/2011,20.3
29/12/2011,21
30/12/2011,21.8
03/01/2012,20.8
04/01/2012,20.3
05/01/2012,20.2
06/01/2012,19.8
09/01/2012,20.4
10/01/2012,20.6
11/01/2012,20.6
12/01/2012,21
13/01/2012,21.1
16/01/2012,21.5
17/01/2012,21.4
18/01/2012,21.7
19/01/2012,22.7
20/01/2012,23.1
30/01/2012,24.2
31/01/2012,24.4
01/02/2012,23.8
02/02/2012,24.9
03/02/2012,24.5
06/02/2012,24.3
07/02/2012,24.5
08/02/2012,25.5
09/02/2012,25.2
10/02/2012,24.6
13/02/2012,24.2
14/02/2012,25.2
15/02/2012,25
16/02/2012,25
17/02/2012,25.5
20/02/2012,26.7
21/02/2012,26.9
22/02/2012,28.1
23/02/2012,28.5
24/02/2012,28.1
27/02/2012,28.3
28/02/2012,27.5
29/02/2012,27.2
01/03/2012,28.4
02/03/2012,29
05/03/2012,30.4
06/03/2012,28.9
07/03/2012,28.9
08/03/2012,27.5
09/03/2012,27.9
12/03/2012,26.8
13/03/2012,27.3
14/03/2012,27.7
15/03/2012,28.3
16/03/2012,27
19/03/2012,28.3
20/03/2012,29.7
21/03/2012,29.8
22/03/2012,30
23/03/2012,29.6
26/03/2012,29.5
27/03/2012,28.5
28/03/2012,29
29/03/2012,28.7
30/03/2012,29
03/04/2012,29.1
04/04/2012,28.9
05/04/2012,28.9
06/04/2012,28.8
09/04/2012,28.8
10/04/2012,29.2
11/04/2012,29.6
12/04/2012,30.8
13/04/2012,31.2
16/04/2012,32.6
17/04/2012,34.2
18/04/2012,33.8
19/04/2012,33.5
20/04/2012,32.9
23/04/2012,32.8
24/04/2012,32.6
25/04/2012,32.6
26/04/2012,32.5
27/04/2012,33
02/05/2012,33
03/05/2012,32.8
04/05/2012,33.1
07/05/2012,33.7
08/05/2012,33.7
09/05/2012,34.2
10/05/2012,35.3
11/05/2012,36.3
14/05/2012,37
15/05/2012,35.2
16/05/2012,34
17/05/2012,32.5
18/05/2012,32
21/05/2012,32.8
22/05/2012,32
23/05/2012,30.4
24/05/2012,29.2
25/05/2012,30.6
28/05/2012,30.6
29/05/2012,29.7
30/05/2012,30.1
31/05/2012,29.5
01/06/2012,29.6
04/06/2012,28.2
05/06/2012,28.7
06/06/2012,29.4
07/06/2012,30.1
08/06/2012,30.1
11/06/2012,29.6
12/06/2012,29.4
13/06/2012,29.6
14/06/2012,29.2
15/06/2012,29.9
18/06/2012,30.3
19/06/2012,29.4
20/06/2012,29.8
21/06/2012,29.9
22/06/2012,29.6
25/06/2012,29.4
26/06/2012,28.8
27/06/2012,28.8
28/06/2012,29.2
29/06/2012,29.5
02/07/2012,29.3
03/07/2012,28.1
04/07/2012,28.1
05/07/2012,28.6
06/07/2012,28.5
09/07/2012,28
10/07/2012,27.8
11/07/2012,28
12/07/2012,28
13/07/2012,28.6
16/07/2012,28.3
17/07/2012,28.3
18/07/2012,28.4
19/07/2012,29.4
20/07/2012,28.7
23/07/2012,28.7
24/07/2012,28.2
25/07/2012,28.2
26/07/2012,28.2
27/07/2012,28.2
30/07/2012,27.9
31/07/2012,27.9
01/08/2012,27.5
02/08/2012,27.5
03/08/2012,27.5
06/08/2012,27.6
07/08/2012,27.8
08/08/2012,27.9
09/08/2012,28.2
10/08/2012,27.8
13/08/2012,27.7
14/08/2012,28.1
15/08/2012,27.9
16/08/2012,27.8
17/08/2012,28
20/08/2012,28.4
21/08/2012,27
22/08/2012,26.4
23/08/2012,25.1
24/08/2012,26.1
27/08/2012,24.8
28/08/2012,25
29/08/2012,25.5
30/08/2012,25.6
31/08/2012,24.8
04/09/2012,25.2
05/09/2012,25.2
06/09/2012,25.2
07/09/2012,25.4
10/09/2012,24.2
11/09/2012,24
12/09/2012,24.2
13/09/2012,25
14/09/2012,26.1
17/09/2012,27.1
18/09/2012,25.8
19/09/2012,25.6
20/09/2012,24.8
21/09/2012,25.5
24/09/2012,24.8
25/09/2012,24.9
26/09/2012,25.1
27/09/2012,25.1
28/09/2012,24.6
01/10/2012,23.9
02/10/2012,23.8
03/10/2012,24
04/10/2012,24.1
05/10/2012,24.5
08/10/2012,24.9
09/10/2012,24.8
10/10/2012,24.7
11/10/2012,24.7
12/10/2012,24.4
15/10/2012,24
16/10/2012,24.4
17/10/2012,24
18/10/2012,24.1
19/10/2012,23.9
22/10/2012,24.1
23/10/2012,24.1
24/10/2012,24.1
25/10/2012,23.9
26/10/2012,23.9
29/10/2012,23.8
30/10/2012,23.6
31/10/2012,23.3
01/11/2012,23.1
02/11/2012,22
05/11/2012,21.4
06/11/2012,21
07/11/2012,22
08/11/2012,23.1
09/11/2012,23.5
12/11/2012,23.4
13/11/2012,23
14/11/2012,23.6
15/11/2012,24.2
16/11/2012,23.8
19/11/2012,23.5
20/11/2012,23.4
21/11/2012,23.4
22/11/2012,23.3
23/11/2012,23.1
26/11/2012,22.8
27/11/2012,22.8
28/11/2012,22.9
29/11/2012,23.4
30/11/2012,23.3
03/12/2012,23.3
04/12/2012,23.9
05/12/2012,24.8
06/12/2012,25.2
07/12/2012,24.7
10/12/2012,24.7
11/12/2012,25.2
12/12/2012,25.4
13/12/2012,25.4
14/12/2012,25
17/12/2012,26.2
18/12/2012,26.8
19/12/2012,26.6
20/12/2012,26.4
21/12/2012,26
24/12/2012,26.1
25/12/2012,26.6
26/12/2012,26.7
27/12/2012,27.1
28/12/2012,27.2
02/01/2013,27.8
03/01/2013,28.5
04/01/2013,29.2
07/01/2013,30
08/01/2013,31.5
09/01/2013,31.7
10/01/2013,32.5
11/01/2013,32.1
14/01/2013,31.9
15/01/2013,32
16/01/2013,32.1
17/01/2013,31.5
18/01/2013,31.6
21/01/2013,31.1
22/01/2013,30.6
23/01/2013,30.4
24/01/2013,31
25/01/2013,32.5
28/01/2013,32.8
29/01/2013,34
30/01/2013,34.3
31/01/2013,34
01/02/2013,34.3
04/02/2013,33.7
05/02/2013,33.7
06/02/2013,34.5
07/02/2013,34.5
08/02/2013,34.5
18/02/2013,34.3
19/02/2013,33.9
20/02/2013,34.1
21/02/2013,32
22/02/2013,32.7
25/02/2013,33.5
26/02/2013,30.9
27/02/2013,30.9
28/02/2013,32.3
01/03/2013,32.4
04/03/2013,32.1
05/03/2013,31.6
06/03/2013,32.2
07/03/2013,32.2
08/03/2013,32.3
11/03/2013,32.2
12/03/2013,32.3
13/03/2013,32.5
14/03/2013,32
15/03/2013,32.9
18/03/2013,32.6
19/03/2013,32.1
20/03/2013,32.3
21/03/2013,32.2
22/03/2013,31.8
25/03/2013,32
26/03/2013,31.8
27/03/2013,32.3
28/03/2013,32
29/03/2013,32
01/04/2013,32
02/04/2013,32.2
03/04/2013,32
04/04/2013,31.7
05/04/2013,31.1
08/04/2013,31.5
09/04/2013,31.2
10/04/2013,29.1
11/04/2013,29.5
12/04/2013,28.7
15/04/2013,27.3
16/04/2013,28
17/04/2013,28.2
18/04/2013,27.3
22/04/2013,26.7
23/04/2013,27
24/04/2013,26.6
25/04/2013,27.4
26/04/2013,27.4
02/05/2013,27.2
03/05/2013,27.2
06/05/2013,28
07/05/2013,27.9
08/05/2013,28.1
09/05/2013,27.8
10/05/2013,27.5
13/05/2013,27.8
14/05/2013,27.2
15/05/2013,27.9
16/05/2013,29.4
17/05/2013,28.6
20/05/2013,29.4
21/05/2013,29.5
22/05/2013,29.5
23/05/2013,28.6
24/05/2013,28.5
27/05/2013,29.5
28/05/2013,29.7
29/05/2013,29.6
30/05/2013,30.7
31/05/2013,30.9
03/06/2013,31
04/06/2013,30.2
05/06/2013,30.6
06/06/2013,31.3
07/06/2013,32
10/06/2013,31.7
11/06/2013,31.3
12/06/2013,30.5
13/06/2013,30.9
14/06/2013,30.6
17/06/2013,30.8
18/06/2013,31
19/06/2013,31
20/06/2013,30.9
21/06/2013,30.8
24/06/2013,29.5
25/06/2013,27.7
26/06/2013,27
27/06/2013,27.6
28/06/2013,28
01/07/2013,27.4
02/07/2013,27.8
03/07/2013,27.4
04/07/2013,27.4
05/07/2013,27.5
08/07/2013,27.6
09/07/2013,27.6
10/07/2013,27.3
11/07/2013,27.5
12/07/2013,27.8
15/07/2013,27.8
16/07/2013,27.7
17/07/2013,27.7
18/07/2013,27.6
19/07/2013,28
22/07/2013,27.9
23/07/2013,28.3
24/07/2013,27.6
25/07/2013,27.5
26/07/2013,27.5
29/07/2013,27
30/07/2013,27.2
31/07/2013,26.8
01/08/2013,26.7
02/08/2013,27
05/08/2013,27.1
06/08/2013,27.4
07/08/2013,27.1
08/08/2013,26.9
09/08/2013,26.9
12/08/2013,26.8
13/08/2013,26.6
14/08/2013,26.7
15/08/2013,27
16/08/2013,27
19/08/2013,26.9
20/08/2013,26.7
21/08/2013,26.8
22/08/2013,26.1
23/08/2013,25.2
26/08/2013,25.2
27/08/2013,25.1
28/08/2013,24.6
29/08/2013,23.3
30/08/2013,24.7
03/09/2013,23.7
04/09/2013,23.6
05/09/2013,24.1
06/09/2013,24.5
09/09/2013,23.7
10/09/2013,23.9
11/09/2013,24.3
12/09/2013,24.3
13/09/2013,24.5
16/09/2013,25.2
17/09/2013,25.8
18/09/2013,25.2
19/09/2013,25.2
20/09/2013,25.5
23/09/2013,25.3
24/09/2013,25.5
25/09/2013,25.6
26/09/2013,25.6
27/09/2013,25.8
30/09/2013,26.9
01/10/2013,27.7
02/10/2013,27.9
03/10/2013,27.7
04/10/2013,28.1
07/10/2013,28.4
08/10/2013,29
09/10/2013,28.6
10/10/2013,28.4
11/10/2013,28.8
14/10/2013,28.8
15/10/2013,28.9
16/10/2013,29.8
17/10/2013,29.5
18/10/2013,29.7
21/10/2013,29.6
22/10/2013,29.4
23/10/2013,30.1
24/10/2013,29.9
25/10/2013,30
28/10/2013,29.5
29/10/2013,29.6
30/10/2013,29.4
31/10/2013,29.5
01/11/2013,29.4
04/11/2013,28.9
05/11/2013,29.4
06/11/2013,29.7
07/11/2013,29.8
08/11/2013,29.8
11/11/2013,30
12/11/2013,29.7
13/11/2013,29.5
14/11/2013,29.6
15/11/2013,29.7
18/11/2013,29.8
19/11/2013,29.1
20/11/2013,29.3
21/11/2013,28.9
22/11/2013,28.9
25/11/2013,28.9
26/11/2013,28.6
27/11/2013,28.3
28/11/2013,28.3
29/11/2013,28.5
02/12/2013,28.4
03/12/2013,28.4
04/12/2013,28.1
05/12/2013,27.5
06/12/2013,27.9
09/12/2013,28
10/12/2013,27.8
11/12/2013,27.3
12/12/2013,27
13/12/2013,26.7
16/12/2013,26.5
17/12/2013,26.8
18/12/2013,26.9
19/12/2013,27.2
20/12/2013,26.8
23/12/2013,27.1
24/12/2013,26.9
25/12/2013,26.8
26/12/2013,27
27/12/2013,26.8
30/12/2013,26.4
31/12/2013,26.8
02/01/2014,26.7
03/01/2014,27.2
06/01/2014,27.1
07/01/2014,27.7
08/01/2014,28.1
09/01/2014,28.3
10/01/2014,27.8
13/01/2014,27.5
14/01/2014,27.7
15/01/2014,27.7
16/01/2014,27.7
17/01/2014,28.4
20/01/2014,29.2
21/01/2014,29.6
22/01/2014,29.2
23/01/2014,29.3
24/01/2014,28.9
27/01/2014,28.5
06/02/2014,27.9
07/02/2014,27.8
10/02/2014,28.3
11/02/2014,28.3
12/02/2014,29
13/02/2014,28.9
14/02/2014,29
17/02/2014,28.8
18/02/2014,29
19/02/2014,29.1
20/02/2014,29.1
21/02/2014,29
24/02/2014,29.1
25/02/2014,29.4
26/02/2014,30.3
27/02/2014,30.5
28/02/2014,30.6
03/03/2014,29.8
04/03/2014,29.8
05/03/2014,30
06/03/2014,30
07/03/2014,29.9
10/03/2014,30.8
11/03/2014,31.1
12/03/2014,30.6
13/03/2014,31.2
14/03/2014,31.3
17/03/2014,30.8
18/03/2014,30.5
19/03/2014,30.9
20/03/2014,30.7
21/03/2014,31.1
24/03/2014,31.8
25/03/2014,31.7
26/03/2014,30.4
27/03/2014,30.4
28/03/2014,30.8
31/03/2014,30.8
01/04/2014,31.1
02/04/2014,31.2
03/04/2014,31.3
04/04/2014,31.3
07/04/2014,31.4
08/04/2014,31.5
10/04/2014,31.2
11/04/2014,31
14/04/2014,30.7
15/04/2014,29.9
16/04/2014,29.4
17/04/2014,29.4
18/04/2014,28.9
21/04/2014,28.5
22/04/2014,29
23/04/2014,29
24/04/2014,29
25/04/2014,29
28/04/2014,28.5
29/04/2014,28.8
05/05/2014,27.1
06/05/2014,26.5
07/05/2014,26.7
08/05/2014,24.9
09/05/2014,25.4
12/05/2014,23.8
13/05/2014,24.3
14/05/2014,26
15/05/2014,25.9
16/05/2014,27
19/05/2014,27.2
20/05/2014,27.3
21/05/2014,27.2
22/05/2014,27
23/05/2014,26.3
26/05/2014,27.2
27/05/2014,28.5
28/05/2014,28.9
29/05/2014,28.6
30/05/2014,29
02/06/2014,29
03/06/2014,28.9
04/06/2014,28.5
05/06/2014,27.9
06/06/2014,28.8
09/06/2014,28.8
10/06/2014,28.6
11/06/2014,29.1
12/06/2014,29.8
13/06/2014,30.1
16/06/2014,29.9
17/06/2014,30
18/06/2014,26
19/06/2014,25.6
20/06/2014,24.9
23/06/2014,26.2
24/06/2014,26
25/06/2014,26.3
26/06/2014,26.4
27/06/2014,26.3
30/06/2014,26.2
01/07/2014,26
02/07/2014,25.9
03/07/2014,25.9
04/07/2014,26.1
07/07/2014,26.3
08/07/2014,26.2
09/07/2014,25.9
10/07/2014,25.7
11/07/2014,25.7
14/07/2014,25.7
15/07/2014,25.8
16/07/2014,26.1
17/07/2014,25.9
18/07/2014,26.2
21/07/2014,26.2
22/07/2014,25.8
23/07/2014,25.9
24/07/2014,26
25/07/2014,25.8
28/07/2014,25.6
29/07/2014,25.8
30/07/2014,25.6
31/07/2014,25.6
01/08/2014,25.8
04/08/2014,25.9
05/08/2014,26.2
06/08/2014,26
07/08/2014,26
11/08/2014,25.7
12/08/2014,25.8
13/08/2014,26
14/08/2014,25.9
15/08/2014,25.7
18/08/2014,25.8
19/08/2014,25.8
20/08/2014,26.5
21/08/2014,27.2
22/08/2014,27.2
25/08/2014,27.4
26/08/2014,27.9
27/08/2014,27.6
28/08/2014,27.5
29/08/2014,28
03/09/2014,28.3
04/09/2014,28.8
05/09/2014,29.3
08/09/2014,29.3
09/09/2014,28.6
10/09/2014,28.6
11/09/2014,28.5
12/09/2014,28.5
15/09/2014,27.8
16/09/2014,27.4
17/09/2014,27.2
18/09/2014,27.3
19/09/2014,26.3
22/09/2014,26.8
23/09/2014,26.8
24/09/2014,26.7
25/09/2014,26.5
26/09/2014,26.4
29/09/2014,26.2
30/09/2014,26.1
01/10/2014,26.4
02/10/2014,27.4
03/10/2014,27.5
06/10/2014,27.2
07/10/2014,27.2
08/10/2014,27
09/10/2014,27.2
10/10/2014,27
13/10/2014,27
14/10/2014,26.7
15/10/2014,26.9
16/10/2014,26.7
17/10/2014,26.4
20/10/2014,26.6
21/10/2014,26.7
22/10/2014,26.7
23/10/2014,26.5
24/10/2014,26.5
27/10/2014,26
28/10/2014,26.5
29/10/2014,26.3
30/10/2014,26.7
31/10/2014,27.7
03/11/2014,28.2
04/11/2014,27.5
05/11/2014,27.4
06/11/2014,27.2
07/11/2014,27.2
10/11/2014,27.3
11/11/2014,27.2
12/11/2014,27.3
13/11/2014,27.3
14/11/2014,27.5
17/11/2014,27.3
18/11/2014,27
19/11/2014,26.6
20/11/2014,27.2
21/11/2014,27.5
24/11/2014,27.4
25/11/2014,27.6
26/11/2014,27
27/11/2014,27.3
28/11/2014,27.7
01/12/2014,28.2
02/12/2014,28.1
03/12/2014,28.7
04/12/2014,29.3
05/12/2014,30.3
08/12/2014,31.4
09/12/2014,31.6
10/12/2014,30
11/12/2014,29.7
12/12/2014,31
15/12/2014,30.4
16/12/2014,30.6
17/12/2014,30.3
18/12/2014,30.4
19/12/2014,28.3
22/12/2014,29.8
23/12/2014,30.6
24/12/2014,30.2
25/12/2014,29.9
26/12/2014,30.8
29/12/2014,31.7
30/12/2014,32
31/12/2014,31.9
05/01/2015,31.9
06/01/2015,34
07/01/2015,33.6
08/01/2015,34.6
09/01/2015,36.9
12/01/2015,37.2
13/01/2015,37
14/01/2015,37.4
15/01/2015,36.8
16/01/2015,36.3
19/01/2015,35.4
20/01/2015,36
21/01/2015,35.4
22/01/2015,36.2
26/01/2015,36.6
27/01/2015,36.3
28/01/2015,37.4
29/01/2015,36.9
30/01/2015,35.7
02/02/2015,35.7
03/02/2015,33.3
04/02/2015,33.1
05/02/2015,34.9
06/02/2015,36
09/02/2015,36.2
10/02/2015,36.4
11/02/2015,37.1
12/02/2015,36.3
13/02/2015,36.5
24/02/2015,39
25/02/2015,38.1
26/02/2015,39.4
27/02/2015,38.4
02/03/2015,38.4
03/03/2015,38.5
04/03/2015,38.8
05/03/2015,37.9
06/03/2015,37.3
09/03/2015,36.4
10/03/2015,36.8
11/03/2015,36.5
12/03/2015,36.8
13/03/2015,36.7
16/03/2015,35.3
17/03/2015,35.7
18/03/2015,35.8
19/03/2015,35.5
20/03/2015,36
23/03/2015,35.2
24/03/2015,35.3
25/03/2015,35.4
26/03/2015,35
27/03/2015,35.3
30/03/2015,35.1
31/03/2015,35.1
01/04/2015,35
02/04/2015,35.7
03/04/2015,35.7
06/04/2015,35.5
07/04/2015,35.8
08/04/2015,35.5
09/04/2015,35.8
10/04/2015,36
13/04/2015,36.4
14/04/2015,36.4
15/04/2015,36.6
16/04/2015,37.3
17/04/2015,37.4
20/04/2015,37.3
21/04/2015,36.7
22/04/2015,37
23/04/2015,37
24/04/2015,37.2
27/04/2015,36.2
04/05/2015,35.6
05/05/2015,37.2
06/05/2015,37.1
07/05/2015,37.6
08/05/2015,38.7
11/05/2015,38.9
12/05/2015,38.6
13/05/2015,38.1
14/05/2015,38.3
15/05/2015,38.4
18/05/2015,38.6
19/05/2015,39.1
20/05/2015,39.6
21/05/2015,40
22/05/2015,42.2
25/05/2015,42
26/05/2015,43
27/05/2015,42.9
28/05/2015,43.1
29/05/2015,43.3
01/06/2015,45.7
02/06/2015,45.9
03/06/2015,44.5
04/06/2015,44.5
05/06/2015,45.1
08/06/2015,45.3
09/06/2015,44.2
10/06/2015,43.3
11/06/2015,43.7
12/06/2015,43.6
15/06/2015,45.3
16/06/2015,44.5
17/06/2015,44.4
18/06/2015,44.9
19/06/2015,46.5
22/06/2015,47.6
23/06/2015,47.6
24/06/2015,46.9
25/06/2015,46.9
26/06/2015,44.7
29/06/2015,47
30/06/2015,48.8
01/07/2015,48.5
02/07/2015,51.5
03/07/2015,54.5
06/07/2015,54.5
07/07/2015,54
08/07/2015,52
09/07/2015,52.5
10/07/2015,52.5
13/07/2015,52.5
14/07/2015,52.5
15/07/2015,51
16/07/2015,51
17/07/2015,51
20/07/2015,49.4
21/07/2015,49.2
22/07/2015,52
23/07/2015,51.5
24/07/2015,50.5
27/07/2015,51
28/07/2015,51.5
29/07/2015,51
30/07/2015,51
31/07/2015,49.9
03/08/2015,47.9
04/08/2015,46
05/08/2015,46.1
06/08/2015,45.1
07/08/2015,44.9
10/08/2015,46.4
11/08/2015,47.1
12/08/2015,45.5
13/08/2015,44
14/08/2015,43.3
17/08/2015,41
18/08/2015,42.5
19/08/2015,43.3
20/08/2015,42.9
21/08/2015,42.4
24/08/2015,39.5
25/08/2015,40.1
26/08/2015,41
27/08/2015,41.6
28/08/2015,43.4
31/08/2015,42.5
01/09/2015,42.5
03/09/2015,41.6
04/09/2015,42
07/09/2015,42.1
08/09/2015,44.4
09/09/2015,45.8
10/09/2015,46
11/09/2015,44.8
14/09/2015,43.2
15/09/2015,42.7
16/09/2015,44
17/09/2015,43.6
18/09/2015,44
21/09/2015,44.7
22/09/2015,44.6
23/09/2015,44.5
24/09/2015,44.1
25/09/2015,44
28/09/2015,43
29/09/2015,42.8
30/09/2015,42.9
01/10/2015,43
02/10/2015,43
05/10/2015,43.5
06/10/2015,45.3
07/10/2015,45.2
08/10/2015,46.9
09/10/2015,46.5
12/10/2015,48.1
13/10/2015,47.9
14/10/2015,47.2
15/10/2015,47.4
16/10/2015,46.7
19/10/2015,46
20/10/2015,45.4
21/10/2015,45.6
22/10/2015,46.2
23/10/2015,46.9
26/10/2015,46.7
27/10/2015,46.6
28/10/2015,46.1
29/10/2015,46.7
30/10/2015,47.7
02/11/2015,47.7
03/11/2015,48.2
04/11/2015,48.2
05/11/2015,47.9
06/11/2015,48
09/11/2015,49.1
10/11/2015,48.3
11/11/2015,47.7
12/11/2015,47.6
13/11/2015,47.5
16/11/2015,47.1
17/11/2015,47.2
18/11/2015,47.2
19/11/2015,47
20/11/2015,47
23/11/2015,46.7
24/11/2015,46.2
25/11/2015,46
26/11/2015,45.4
27/11/2015,44.3
30/11/2015,42.9
01/12/2015,42.1
02/12/2015,42.2
03/12/2015,42.6
04/12/2015,42.3
07/12/2015,40.8
08/12/2015,43.1
09/12/2015,41.4
10/12/2015,41.2
11/12/2015,41.3
14/12/2015,41.6
15/12/2015,43.2
16/12/2015,43.5
17/12/2015,44
18/12/2015,41.2
21/12/2015,42.5
22/12/2015,42.5
23/12/2015,42.4
24/12/2015,42.2
25/12/2015,42.5
28/12/2015,42.5
29/12/2015,44
30/12/2015,44.3
31/12/2015,43.9
04/01/2016,43.2
05/01/2016,42.5
06/01/2016,43
07/01/2016,42.5
08/01/2016,42.2
11/01/2016,41.9
12/01/2016,42.7
13/01/2016,42.3
14/01/2016,41.8
15/01/2016,40.6
18/01/2016,38.6
19/01/2016,40.3
20/01/2016,40
21/01/2016,39.4
22/01/2016,39.6
25/01/2016,41.7
26/01/2016,40.6
27/01/2016,40.5
28/01/2016,40.5
29/01/2016,41.4
01/02/2016,40.7
02/02/2016,40.4
03/02/2016,39.6
04/02/2016,40
05/02/2016,40.1
15/02/2016,40.3
16/02/2016,40.3
17/02/2016,39.8
18/02/2016,40.3
19/02/2016,40.1
22/02/2016,40.4
23/02/2016,41
24/02/2016,42.3
25/02/2016,41.8
26/02/2016,42
29/02/2016,41
01/03/2016,40.7
02/03/2016,41.7
03/03/2016,41.6
04/03/2016,41.8
07/03/2016,41.8
08/03/2016,41.6
09/03/2016,41.4
10/03/2016,41.6
11/03/2016,41.6
14/03/2016,41.7
15/03/2016,42
16/03/2016,43.2
17/03/2016,42.7
18/03/2016,42.5
21/03/2016,42.9
22/03/2016,43.3
23/03/2016,42.9
24/03/2016,42.1
25/03/2016,42.8
28/03/2016,42.8
29/03/2016,42
30/03/2016,42.1
31/03/2016,41
01/04/2016,40.9
04/04/2016,40.9
05/04/2016,41
06/04/2016,42
07/04/2016,41.7
08/04/2016,41.4
11/04/2016,41.6
12/04/2016,42.1
13/04/2016,41.9
14/04/2016,42.3
15/04/2016,42.5
19/04/2016,42.4
20/04/2016,42.8
21/04/2016,42.9
22/04/2016,45.7
25/04/2016,45.9
26/04/2016,47.2
27/04/2016,46
28/04/2016,46.2
29/04/2016,46
04/05/2016,46.1
05/05/2016,47.1
06/05/2016,48.6
09/05/2016,48
10/05/2016,48.6
11/05/2016,49
12/05/2016,48
13/05/2016,47.6
16/05/2016,48.3
17/05/2016,48.3
18/05/2016,49
19/05/2016,48.1
20/05/2016,47.4
23/05/2016,46.1
24/05/2016,45.9
25/05/2016,46
26/05/2016,45.3
27/05/2016,45.3
30/05/2016,46.8
31/05/2016,46.7
01/06/2016,46.9
02/06/2016,47.1
03/06/2016,47.3
06/06/2016,47.8
07/06/2016,48.1
08/06/2016,47.9
09/06/2016,48.1
10/06/2016,48.5
13/06/2016,48.4
14/06/2016,48.3
15/06/2016,47.8
16/06/2016,47.7
17/06/2016,47.1
20/06/2016,46.9
21/06/2016,47
22/06/2016,46.8
23/06/2016,48
24/06/2016,46.8
27/06/2016,46.2
28/06/2016,46.4
29/06/2016,47.3
30/06/2016,47.3
01/07/2016,47.5
04/07/2016,49.2
05/07/2016,50.5
06/07/2016,50
07/07/2016,51
08/07/2016,51
11/07/2016,52
12/07/2016,54
13/07/2016,57.5
14/07/2016,56
15/07/2016,54
18/07/2016,55.5
19/07/2016,56
20/07/2016,55
21/07/2016,55.5
22/07/2016,52
25/07/2016,53
26/07/2016,53
27/07/2016,54.5
28/07/2016,55
29/07/2016,54
01/08/2016,53
02/08/2016,51.5
03/08/2016,50.5
04/08/2016,52
05/08/2016,51
08/08/2016,52
09/08/2016,53
10/08/2016,53.5
11/08/2016,56
12/08/2016,54.5
15/08/2016,54.5
16/08/2016,54
17/08/2016,53
18/08/2016,53
19/08/2016,53.5
22/08/2016,53.5
23/08/2016,53
24/08/2016,54
25/08/2016,54
26/08/2016,57.5
29/08/2016,57.5
30/08/2016,55.5
31/08/2016,54
01/09/2016,52.5
05/09/2016,50.5
06/09/2016,50.5
07/09/2016,50.5
08/09/2016,50.5
09/09/2016,38.7
12/09/2016,37.45
13/09/2016,36
14/09/2016,36.5
15/09/2016,36
16/09/2016,35
19/09/2016,36.65
20/09/2016,37.45
21/09/2016,37.45
22/09/2016,37.5
23/09/2016,37.35
26/09/2016,37.6
27/09/2016,38.6
28/09/2016,39
29/09/2016,38.3
30/09/2016,38.3
03/10/2016,37.9
04/10/2016,37.9
05/10/2016,38.2
06/10/2016,38.35
07/10/2016,37.95
10/10/2016,37.5
11/10/2016,37.8
12/10/2016,37.6
13/10/2016,37.3
14/10/2016,37.2
17/10/2016,36.4
18/10/2016,36.45
19/10/2016,36.7
20/10/2016,36.7
21/10/2016,36.7
24/10/2016,36.1
25/10/2016,35.75
26/10/2016,35.3
27/10/2016,36.3
28/10/2016,36.3
31/10/2016,36
01/11/2016,35.9
02/11/2016,35.4
03/11/2016,35
04/11/2016,35
07/11/2016,36.25
08/11/2016,36.4
09/11/2016,36
10/11/2016,36.4
11/11/2016,36.25
14/11/2016,35.8
15/11/2016,35.8
16/11/2016,35.8
17/11/2016,35.65
18/11/2016,35.55
21/11/2016,35.7
22/11/2016,36
23/11/2016,36.3
24/11/2016,36
25/11/2016,35.8
28/11/2016,35.5
29/11/2016,35
30/11/2016,35.2
01/12/2016,35.25
02/12/2016,35.3
05/12/2016,34.9
06/12/2016,34.15
07/12/2016,34.4
08/12/2016,35
09/12/2016,35.05
12/12/2016,34.9
13/12/2016,34.4
14/12/2016,34.8
15/12/2016,35
16/12/2016,35.1
19/12/2016,35.15
20/12/2016,34.95
21/12/2016,34.95
22/12/2016,34.9
23/12/2016,35.6
26/12/2016,36.1
27/12/2016,36
28/12/2016,35.6
29/12/2016,35.45
30/12/2016,35.45
03/01/2017,37.25
04/01/2017,37
05/01/2017,37.15
06/01/2017,37.9
09/01/2017,38.7
10/01/2017,38.4
11/01/2017,38.45
12/01/2017,37.9
13/01/2017,37.45
16/01/2017,37.35
17/01/2017,38.95
18/01/2017,38.3
19/01/2017,38
20/01/2017,38
23/01/2017,38.1
24/01/2017,38.6
25/01/2017,39.3
02/02/2017,39.45
03/02/2017,38.7
06/02/2017,38.7
07/02/2017,39.25
08/02/2017,39.75
09/02/2017,39.7
10/02/2017,39.3
13/02/2017,38.85
14/02/2017,38.7
15/02/2017,39
16/02/2017,38.6
17/02/2017,38.3
20/02/2017,37.95
21/02/2017,38.4
22/02/2017,37.9
23/02/2017,37.6
24/02/2017,37.45
27/02/2017,38.2
28/02/2017,37.4
01/03/2017,37.2
02/03/2017,36.9
03/03/2017,37.5
06/03/2017,37.3
07/03/2017,37.5
08/03/2017,37.7
09/03/2017,37.8
10/03/2017,37.5
13/03/2017,37.05
14/03/2017,37.05
15/03/2017,36.95
16/03/2017,37.1
17/03/2017,37
20/03/2017,37.55
21/03/2017,38
22/03/2017,37.7
23/03/2017,38.25
24/03/2017,38
27/03/2017,37.8
28/03/2017,37.4
29/03/2017,37.3
30/03/2017,37.2
31/03/2017,36.9
03/04/2017,36.4
04/04/2017,36.8
05/04/2017,36.85
07/04/2017,36.8
10/04/2017,36.7
11/04/2017,36.9
12/04/2017,36.8
13/04/2017,36.75
14/04/2017,36.35
17/04/2017,35.5
18/04/2017,35.85
19/04/2017,35.9
20/04/2017,35.4
21/04/2017,35.5
24/04/2017,35.1
25/04/2017,35.1
26/04/2017,35.05
27/04/2017,34.85
28/04/2017,35.1
03/05/2017,35.5
04/05/2017,36.3
05/05/2017,36.1
08/05/2017,35.75
09/05/2017,36.45
10/05/2017,36.75
11/05/2017,36.8
12/05/2017,36.45
15/05/2017,36.3
16/05/2017,36.05
17/05/2017,36.2
18/05/2017,36.35
19/05/2017,36.75
22/05/2017,37.5
23/05/2017,37.2
24/05/2017,37.75
25/05/2017,37.1
26/05/2017,36.7
29/05/2017,36.4
30/05/2017,36.3
31/05/2017,36.2
01/06/2017,36.3
02/06/2017,36.3
05/06/2017,37.2
06/06/2017,38.65
07/06/2017,38.3
08/06/2017,37.9
09/06/2017,38.4
12/06/2017,38.35
13/06/2017,38.55
14/06/2017,39.2
15/06/2017,39.5
16/06/2017,39.5
19/06/2017,39.7
20/06/2017,39.5
21/06/2017,38.65
22/06/2017,38.1
23/06/2017,38.1
26/06/2017,38.5
27/06/2017,38.25
28/06/2017,38.05
29/06/2017,38.2
30/06/2017,38.5
03/07/2017,38.9
04/07/2017,38.7
05/07/2017,38.85
06/07/2017,39.35
07/07/2017,38.7
10/07/2017,38.1
11/07/2017,38.3
12/07/2017,38
13/07/2017,38.2
14/07/2017,38.25
17/07/2017,37.7
18/07/2017,37.75
19/07/2017,37.6
20/07/2017,37.45
21/07/2017,37
24/07/2017,37.3
25/07/2017,37.3
26/07/2017,37.4
27/07/2017,37.35
28/07/2017,37.5
31/07/2017,37.75
01/08/2017,38.4
02/08/2017,38.1
03/08/2017,38.3
04/08/2017,38.05
07/08/2017,38.05
08/08/2017,38.4
09/08/2017,37.8
10/08/2017,37.7
11/08/2017,37.45
14/08/2017,37.65
15/08/2017,37.3
16/08/2017,37.5
17/08/2017,37.3
18/08/2017,37.5
21/08/2017,37.4
22/08/2017,36.9
23/08/2017,37
24/08/2017,37.05
25/08/2017,37.15
28/08/2017,37.45
29/08/2017,37
30/08/2017,37
31/08/2017,37.1
01/09/2017,37.45
05/09/2017,38.15
06/09/2017,38
07/09/2017,37.7
08/09/2017,37.7
11/09/2017,37.7
12/09/2017,38.05
13/09/2017,38.05
14/09/2017,38.3
15/09/2017,38
18/09/2017,37.6
19/09/2017,37.4
20/09/2017,37.8
21/09/2017,37.85
22/09/2017,37.65
25/09/2017,37.5
26/09/2017,37.65
27/09/2017,37.7
28/09/2017,37.25
29/09/2017,37.6
02/10/2017,37.65
03/10/2017,37.6
04/10/2017,38.8
05/10/2017,38.7
06/10/2017,39.05
09/10/2017,39.4
10/10/2017,39.65
11/10/2017,39.35
12/10/2017,39.05
13/10/2017,39.35
16/10/2017,39.05
17/10/2017,41
18/10/2017,40.7
19/10/2017,40.5
20/10/2017,40.8
23/10/2017,39.9
24/10/2017,40
25/10/2017,40.75
26/10/2017,40.6
27/10/2017,42
30/10/2017,41.9
31/10/2017,41.4
01/11/2017,41.6
02/11/2017,41.1
03/11/2017,41.9
06/11/2017,42.5
07/11/2017,42.45
08/11/2017,43.6
09/11/2017,43.1
10/11/2017,43.1
13/11/2017,43.4
14/11/2017,43.8
15/11/2017,43.6
16/11/2017,44.7
17/11/2017,44.4
20/11/2017,45
21/11/2017,46.7
22/11/2017,48
23/11/2017,47.9
24/11/2017,47.4
27/11/2017,47.9
28/11/2017,48.2
29/11/2017,49
30/11/2017,48.5
01/12/2017,48.3
04/12/2017,49.4
05/12/2017,48.1
06/12/2017,48
07/12/2017,47.6
08/12/2017,47.05
11/12/2017,44.6
12/12/2017,44.7
13/12/2017,44
14/12/2017,45.3
15/12/2017,46
18/12/2017,47.8
19/12/2017,47.75
20/12/2017,49
21/12/2017,48.5
22/12/2017,50.8
25/12/2017,51.4
26/12/2017,51.4
27/12/2017,52.5
28/12/2017,54.1
29/12/2017,54.3
02/01/2018,55
03/01/2018,54.9
04/01/2018,55.4
05/01/2018,54
08/01/2018,55.4
09/01/2018,58.5
10/01/2018,58
11/01/2018,58.8
12/01/2018,58
15/01/2018,60
16/01/2018,60
17/01/2018,56.2
18/01/2018,58.5
19/01/2018,61
22/01/2018,63.3
25/01/2018,67.7
26/01/2018,69.1
29/01/2018,68
30/01/2018,67
31/01/2018,66.6
01/02/2018,66.6
02/02/2018,67.4
05/02/2018,62.7
06/02/2018,62
07/02/2018,63.5
08/02/2018,62.9
09/02/2018,60.9
12/02/2018,63.5
13/02/2018,64
21/02/2018,66.2
22/02/2018,66.8
23/02/2018,71.4
26/02/2018,71.9
27/02/2018,73.2
28/02/2018,73.8
01/03/2018,71.5
02/03/2018,71.8
05/03/2018,68
06/03/2018,71.2
07/03/2018,69.6
08/03/2018,69.5
09/03/2018,71
12/03/2018,72
13/03/2018,72
14/03/2018,73.8
15/03/2018,73.8
16/03/2018,74.7
19/03/2018,74.3
20/03/2018,74
21/03/2018,73.5
22/03/2018,72
23/03/2018,69.9
26/03/2018,71.9
27/03/2018,71
28/03/2018,70.5
29/03/2018,71
30/03/2018,70.5
02/04/2018,74
03/04/2018,74.3
04/04/2018,73.5
05/04/2018,73.5
06/04/2018,73.5
09/04/2018,73.8
10/04/2018,74.5
11/04/2018,71.2
12/04/2018,70.9
13/04/2018,67.9
16/04/2018,65.9
17/04/2018,67
18/04/2018,64.8
19/04/2018,61
20/04/2018,64
23/04/2018,59.6
24/04/2018,60
26/04/2018,58.2
27/04/2018,60
02/05/2018,58.2
03/05/2018,59.6
04/05/2018,59
07/05/2018,62.1
08/05/2018,61
09/05/2018,59.5
10/05/2018,56.5
11/05/2018,57.9
14/05/2018,58.3
15/05/2018,58.7
16/05/2018,57
17/05/2018,56.8
18/05/2018,56.5
21/05/2018,55.7
22/05/2018,53.4
23/05/2018,54.5
24/05/2018,53.3
25/05/2018,50
28/05/2018,46.8
29/05/2018,50
30/05/2018,52
31/05/2018,54.1
01/06/2018,57
04/06/2018,59.3
05/06/2018,58.6
06/06/2018,59.1
07/06/2018,58.7
08/06/2018,59.7
11/06/2018,59
12/06/2018,58
13/06/2018,59.9
14/06/2018,58.1
15/06/2018,59
18/06/2018,56.5
19/06/2018,56.5
20/06/2018,58.1
21/06/2018,57
22/06/2018,58.7
25/06/2018,59.4
26/06/2018,59.3
27/06/2018,58
28/06/2018,57.9
29/06/2018,58
02/07/2018,58.1
03/07/2018,56
04/07/2018,55.6
05/07/2018,52
06/07/2018,55
09/07/2018,54
10/07/2018,53.1
11/07/2018,51.2
12/07/2018,52.4
13/07/2018,54.8
16/07/2018,54.9
17/07/2018,55.8
18/07/2018,57.5
19/07/2018,56.8
20/07/2018,56.8
23/07/2018,56.6
24/07/2018,57
25/07/2018,55.3
26/07/2018,56.7
27/07/2018,56.5
30/07/2018,57.3
31/07/2018,58.5
01/08/2018,58.6
02/08/2018,59
03/08/2018,58.5
06/08/2018,59
07/08/2018,61.5
08/08/2018,62.1
09/08/2018,61.3
10/08/2018,63.5
13/08/2018,63.8
14/08/2018,62.8
15/08/2018,60.6
16/08/2018,60.6
17/08/2018,62
20/08/2018,61.4
21/08/2018,62.7
22/08/2018,61.9
23/08/2018,62.6
24/08/2018,62
27/08/2018,63.1
28/08/2018,64
29/08/2018,63.1
30/08/2018,63.8
31/08/2018,62.5
04/09/2018,61
05/09/2018,60.6
06/09/2018,60.3
07/09/2018,62
10/09/2018,62
11/09/2018,63
12/09/2018,62.6
13/09/2018,62.9
14/09/2018,64
17/09/2018,62.9
18/09/2018,63.3
19/09/2018,63.3
20/09/2018,64.4
21/09/2018,64.6
24/09/2018,65.2
25/09/2018,64.4
26/09/2018,63.8
27/09/2018,63.4
28/09/2018,63
01/10/2018,62.5
02/10/2018,63
03/10/2018,63
04/10/2018,63
05/10/2018,62.1
08/10/2018,61.6
09/10/2018,61.7
10/10/2018,61.7
11/10/2018,57.7
12/10/2018,59.9
15/10/2018,59.1
16/10/2018,59.2
17/10/2018,59.2
18/10/2018,58
19/10/2018,57.7
22/10/2018,57.1
23/10/2018,55.8
24/10/2018,55.5
25/10/2018,54.8
26/10/2018,53.5
29/10/2018,52.9
30/10/2018,54.2
31/10/2018,55.6
01/11/2018,55
02/11/2018,56.2
05/11/2018,56.5
06/11/2018,55.8
07/11/2018,55.5
08/11/2018,55.7
09/11/2018,54.3
12/11/2018,54.6
13/11/2018,53.6
14/11/2018,53.2
15/11/2018,53.4
16/11/2018,53.2
19/11/2018,54
20/11/2018,53.8
21/11/2018,55.4
22/11/2018,54.8
23/11/2018,54
26/11/2018,54
27/11/2018,53.4
28/11/2018,55.1
29/11/2018,55
30/11/2018,55.4
03/12/2018,58
04/12/2018,57.6
05/12/2018,57.8
06/12/2018,56.9
07/12/2018,57.2
10/12/2018,56.9
11/12/2018,56.8
12/12/2018,58
13/12/2018,57.6
14/12/2018,56.5
17/12/2018,54.8
18/12/2018,55.1
19/12/2018,54.4
20/12/2018,54.6
21/12/2018,54.5
24/12/2018,53.1
25/12/2018,52.7
26/12/2018,52.8
27/12/2018,53.5
28/12/2018,53.5
02/01/2019,53.6
03/01/2019,53.6
04/01/2019,54.4
07/01/2019,54.6
08/01/2019,55
09/01/2019,55.8
10/01/2019,55
11/01/2019,55.2
14/01/2019,55.3
15/01/2019,55.9
16/01/2019,55.4
17/01/2019,55.2
18/01/2019,54.8
21/01/2019,55.8
22/01/2019,55.2
23/01/2019,55.4
24/01/2019,55.4
25/01/2019,55.8
28/01/2019,55.5
29/01/2019,56.7
30/01/2019,56.7
31/01/2019,56.8
01/02/2019,56.5
11/02/2019,58.1
12/02/2019,58.6
13/02/2019,59.8
14/02/2019,60.2
15/02/2019,59.3
18/02/2019,60
19/02/2019,59
20/02/2019,59.1
21/02/2019,60.1
22/02/2019,62
25/02/2019,63.4
26/02/2019,63
27/02/2019,61.9
28/02/2019,60.5
01/03/2019,62.2
04/03/2019,62.8
05/03/2019,63
06/03/2019,62.7
07/03/2019,63.1
08/03/2019,62.8
11/03/2019,62.6
12/03/2019,64.8
13/03/2019,65.2
14/03/2019,67
15/03/2019,66
18/03/2019,67.6
19/03/2019,66.8
20/03/2019,66.7
21/03/2019,66.6
22/03/2019,66.9
25/03/2019,65.5
26/03/2019,65.5
27/03/2019,65.5
28/03/2019,66.7
29/03/2019,67.3
01/04/2019,67.8
02/04/2019,67.5
03/04/2019,67.2
04/04/2019,67.7
05/04/2019,68.1
08/04/2019,69.7
09/04/2019,69.8
10/04/2019,68.9
11/04/2019,68.5
12/04/2019,68
16/04/2019,67.4
17/04/2019,68
18/04/2019,67.9
19/04/2019,68
22/04/2019,67.9
23/04/2019,67.5
24/04/2019,68.5
25/04/2019,67.7
26/04/2019,67.9
02/05/2019,66.9
03/05/2019,66.7
06/05/2019,66.3
07/05/2019,65.6
08/05/2019,65.1
09/05/2019,65.5
10/05/2019,65.6
13/05/2019,65.9
14/05/2019,66.6
15/05/2019,66.8
16/05/2019,66.8
17/05/2019,66.8
20/05/2019,67.8
21/05/2019,67.7
22/05/2019,67.2
23/05/2019,67.6
24/05/2019,66.5
27/05/2019,67.4
28/05/2019,67.4
29/05/2019,67.5
30/05/2019,67.7
31/05/2019,67.2
03/06/2019,66.5
04/06/2019,67.2
05/06/2019,66.7
06/06/2019,65.9
07/06/2019,65.6
10/06/2019,66.7
11/06/2019,67.4
12/06/2019,67
13/06/2019,67.3
14/06/2019,69.2
17/06/2019,69.2
18/06/2019,70.3
19/06/2019,69.8
20/06/2019,71.5
21/06/2019,71
24/06/2019,73
25/06/2019,72.4
26/06/2019,70.5
27/06/2019,69.5
28/06/2019,70.5
01/07/2019,71.3
02/07/2019,70.5
03/07/2019,69.6
04/07/2019,72.5
05/07/2019,72.6
08/07/2019,71.3
09/07/2019,71.9
10/07/2019,72.5
11/07/2019,74
12/07/2019,73.7
15/07/2019,75
16/07/2019,77.2
17/07/2019,76.2
18/07/2019,76.4
19/07/2019,79
22/07/2019,79
23/07/2019,78.9
24/07/2019,76.9
25/07/2019,77.7
26/07/2019,78.5
29/07/2019,81
30/07/2019,80.6
31/07/2019,80.2
01/08/2019,80.5
02/08/2019,79.1
05/08/2019,77.4
06/08/2019,76.3
07/08/2019,78.4
08/08/2019,78.5
09/08/2019,78.5
12/08/2019,77.7
13/08/2019,76.3
14/08/2019,76.3
15/08/2019,79
16/08/2019,77.9
19/08/2019,76.8
20/08/2019,76.9
21/08/2019,80
22/08/2019,80
23/08/2019,79.2
26/08/2019,77.8
27/08/2019,76.5
28/08/2019,77
29/08/2019,76.8
30/08/2019,77.7
03/09/2019,77.8
04/09/2019,77.3
05/09/2019,77.6
06/09/2019,77.3
09/09/2019,77.2
10/09/2019,77.7
11/09/2019,78.2
12/09/2019,79.5
13/09/2019,81.9
16/09/2019,81
17/09/2019,81.1
18/09/2019,80.6
19/09/2019,81.5
20/09/2019,81
23/09/2019,79
24/09/2019,80.6
25/09/2019,80.7
26/09/2019,81
27/09/2019,82.9
30/09/2019,82.1
01/10/2019,83.4
02/10/2019,82
03/10/2019,82
04/10/2019,83
07/10/2019,82.8
08/10/2019,85.1
09/10/2019,84.5
10/10/2019,84.6
11/10/2019,85.3
14/10/2019,85
15/10/2019,85.2
16/10/2019,86.1
17/10/2019,85.2
18/10/2019,85
21/10/2019,84.2
22/10/2019,85.4
23/10/2019,85.3
24/10/2019,86.9
25/10/2019,88
28/10/2019,87.4
29/10/2019,86.4
30/10/2019,87.8
31/10/2019,87.7
01/11/2019,88.8
04/11/2019,92
05/11/2019,90.8
06/11/2019,91
07/11/2019,91.3
08/11/2019,91.5
11/11/2019,91.3
12/11/2019,91.7
13/11/2019,90.5
14/11/2019,90.9
15/11/2019,89.7
18/11/2019,87.6
19/11/2019,91
20/11/2019,89.5
21/11/2019,87.5
22/11/2019,85.5
25/11/2019,84.5
26/11/2019,84.7
27/11/2019,86.3
28/11/2019,85.3
29/11/2019,85.3
02/12/2019,83.5
03/12/2019,82
04/12/2019,84.7
05/12/2019,84.8
06/12/2019,84.9
09/12/2019,85.2
10/12/2019,85.4
11/12/2019,85.9
12/12/2019,87.5
13/12/2019,88.4
16/12/2019,86
17/12/2019,85.3
18/12/2019,86.7
19/12/2019,88
20/12/2019,88.3
23/12/2019,90.9
24/12/2019,90
25/12/2019,89.9
26/12/2019,89.4
27/12/2019,90.5
30/12/2019,91
31/12/2019,90.2
02/01/2020,90.8
03/01/2020,89.9
06/01/2020,87.5
07/01/2020,87.8
08/01/2020,87
09/01/2020,88.7
10/01/2020,89.5
13/01/2020,89.4
14/01/2020,89.4
15/01/2020,89.3
16/01/2020,89.5
17/01/2020,94.5
20/01/2020,94
21/01/2020,94
22/01/2020,93.4
30/01/2020,88.9
31/01/2020,88.7
03/02/2020,88.7
04/02/2020,89.8
05/02/2020,88.9
06/02/2020,89.4
07/02/2020,90
10/02/2020,88.9
11/02/2020,89.2
12/02/2020,89.4
13/02/2020,89.3
14/02/2020,89.3
17/02/2020,89.4
18/02/2020,89.4
19/02/2020,89.5
20/02/2020,89.5
21/02/2020,89
24/02/2020,87.2
25/02/2020,86.2
26/02/2020,85
27/02/2020,84
28/02/2020,82.4
02/03/2020,81.8
03/03/2020,82.2
04/03/2020,81.7
05/03/2020,83.1
06/03/2020,84.5
09/03/2020,78.6
10/03/2020,79.9
11/03/2020,77
12/03/2020,71.7
13/03/2020,71
16/03/2020,67.1
17/03/2020,67.5
18/03/2020,69.3
19/03/2020,66
20/03/2020,61.5
23/03/2020,57.2
24/03/2020,58
25/03/2020,62
26/03/2020,63.2
27/03/2020,64.1
30/03/2020,61
31/03/2020,62
01/04/2020,65
03/04/2020,65.5
06/04/2020,68
07/04/2020,68.2
08/04/2020,67.5
09/04/2020,71
10/04/2020,70.6
13/04/2020,70.8
14/04/2020,69.9
15/04/2020,70.9
16/04/2020,71.2
17/04/2020,71.4
20/04/2020,71.9
21/04/2020,71.5
22/04/2020,69.3
23/04/2020,69.2
24/04/2020,68.9
27/04/2020,66.8
28/04/2020,67
29/04/2020,68
04/05/2020,67.4
05/05/2020,66.8
06/05/2020,67.6
07/05/2020,69.7
08/05/2020,73.5
11/05/2020,74.5
12/05/2020,75.6
13/05/2020,75.6
14/05/2020,76
15/05/2020,76
18/05/2020,78.5
19/05/2020,79
20/05/2020,79.6
21/05/2020,81.2
22/05/2020,81
25/05/2020,81.1
26/05/2020,82.5
27/05/2020,82.9
28/05/2020,84.5
29/05/2020,85.2
01/06/2020,86.5
02/06/2020,86.6
03/06/2020,87.9
04/06/2020,89
05/06/2020,89
08/06/2020,89.4
09/06/2020,89.5
10/06/2020,89.6
11/06/2020,88
12/06/2020,85.6
15/06/2020,82
16/06/2020,83.7
17/06/2020,84.2
18/06/2020,85
19/06/2020,85.4
22/06/2020,85.5
23/06/2020,86
24/06/2020,84.7
25/06/2020,83.7
26/06/2020,83.3
29/06/2020,81.5
30/06/2020,80.3
01/07/2020,82.7
02/07/2020,82.6
03/07/2020,83
06/07/2020,82.9
07/07/2020,83.4
08/07/2020,83
09/07/2020,83.6
10/07/2020,82.7
13/07/2020,82.9
14/07/2020,83
15/07/2020,83.5
16/07/2020,83.5
17/07/2020,82.8
20/07/2020,82.2
21/07/2020,82.5
22/07/2020,82.5
23/07/2020,82.5
24/07/2020,81
27/07/2020,77
28/07/2020,78.5
29/07/2020,77.5
30/07/2020,77.4
31/07/2020,76.4
03/08/2020,78.8
04/08/2020,81.9
05/08/2020,82.7
06/08/2020,82.8
07/08/2020,82.9
10/08/2020,81.9
11/08/2020,82.1
12/08/2020,82.1
13/08/2020,83
14/08/2020,82
17/08/2020,82.3
18/08/2020,82.3
19/08/2020,83
20/08/2020,83
21/08/2020,82.9
24/08/2020,83.9
25/08/2020,83.9
26/08/2020,83.5
27/08/2020,83.5
28/08/2020,83.4
31/08/2020,83
01/09/2020,83
03/09/2020,86.2
04/09/2020,84.9
07/09/2020,83.6
08/09/2020,82.5
09/09/2020,82.2
10/09/2020,82.1
11/09/2020,82.3
14/09/2020,83
15/09/2020,82.5
16/09/2020,82.9
17/09/2020,82.5
18/09/2020,82.9
21/09/2020,83
22/09/2020,84
23/09/2020,85.4
24/09/2020,86.1
25/09/2020,86
28/09/2020,86
29/09/2020,84.6
30/09/2020,84.1
01/10/2020,84.8
02/10/2020,84
05/10/2020,83.5
06/10/2020,83.9
07/10/2020,85
08/10/2020,84.8
09/10/2020,84.8
12/10/2020,85.9
13/10/2020,86.5
14/10/2020,88.2
15/10/2020,88.6
16/10/2020,88.2
19/10/2020,87.5
20/10/2020,87.7
21/10/2020,86.2
22/10/2020,86.6
23/10/2020,87.5
26/10/2020,86
27/10/2020,86
28/10/2020,84.2
29/10/2020,83.6
30/10/2020,83
02/11/2020,85.8
03/11/2020,85
04/11/2020,85
05/11/2020,85
06/11/2020,85
09/11/2020,85.5
10/11/2020,85.1
11/11/2020,84.9
12/11/2020,86.4
13/11/2020,86.9
16/11/2020,85.8
17/11/2020,87.6
18/11/2020,87.6
19/11/2020,90.2
20/11/2020,92.5
23/11/2020,91.6
24/11/2020,92.4
25/11/2020,93.5
26/11/2020,94
27/11/2020,94.5
30/11/2020,93
01/12/2020,92
02/12/2020,93.5
03/12/2020,93.5
04/12/2020,91.1
07/12/2020,93.1
08/12/2020,93.1
09/12/2020,96.5
10/12/2020,97.2
11/12/2020,97.2
14/12/2020,99.9
15/12/2020,97.8
16/12/2020,99.9
17/12/2020,96
18/12/2020,98.9
21/12/2020,98.9
22/12/2020,97.9
23/12/2020,97.5
24/12/2020,97.3
25/12/2020,97.6
28/12/2020,98
29/12/2020,99.2
30/12/2020,97.9
31/12/2020,97.9